Type,delta,gamma
alcohol,0.06075631071,0.4246204978
alcohol,0.06339761203,0.4062415363
alcohol,0.07288299078,0.3858279113
alcohol,0.08864174409,0.3858279113
alcohol,0.07721597375,0.3915885547
alcohol,0.06811788716,0.3953388548
mortor,0.2036594841,0.2551831498
mortor,0.2145853975,0.2435547551
mortor,0.2030426688,0.2516033265
mortor,0.2073952923,0.2527245118
mortor,0.1901563923,0.2634214574
mortor,0.2001932271,0.2600188556